id,first_name,last_name,date_of_birth,address_line1,address_line2,city,state,country,email_id
b30f75f1-04b4-4116-8371-2904b60d9cd4,Virgilio,Isern,1929-03-25,4924 West 65th Avenue,,Arvada,CO,,palomaresgil@example.com
c4b063dc-f6df-45bf-a17a-2b49531c3d61,Valerio,Medina,2016-11-07,735 West Treadwell Street,#33,Fayetteville,AR,USA,maria-del-carmencalderon@example.com
9b4bb8fd-2732-4503-a814-adf029fdaccc,Soledad,Rosado,06-01-2019,3604 West Market Street,,Louisville,KY,US,fajardoolegario@example.net
fce7aceb-0e3e-413d-b0d9-f5b9dc6540a6,Olalla,,01-21-1915,201 West Montgomery Cross Road,#170,Savannah,GA,US,dcalleja@example.com
08f80667-458b-4531-9f9a-01a60a3138c2,Rosalva,,2009-12-18,197 Oak Street,,Manchester,CT,US,conchacastilla@example.com
2e529363-38b3-4bc7-af22-437b16bc74cc,Baudelio,Correa,1999-03-05,38 Milford Street,,Medway,MA,USA,hernandocastells@example.org
bee8b93e-ae62-43af-86c6-2b9259c7a21e,Olalla,,1926-03-18,1819 14th Avenue,,Nashville,TN,,fulgencioaviles@example.com
a5bfc0cd-9ecd-4f41-a8ad-08a254696e09,Cayetana,,09-25-1977,9515 West 74th Avenue,,Arvada,CO,,maria-pilargarces@example.com
150bb0e4-f7ba-45f2-8ac1-f8808b47029d,Maximiliano,Cisneros,02-06-1998,4594 Champagne Drive,,Fayetteville,AR,US,felixposada@example.net
b3ca209a-a598-4082-a49d-9516fdbf575a,Chuy,Peñas,1935-11-11,615 Florida Avenue,,Lynn Haven,FL,,ucuadrado@example.com
6412cc09-0b46-493e-88c3-e87d1bb0b2ec,Jose Antonio,,05-29-1997,100 Birney Street,#A6,Peabody,MA,US,aamat@example.net
e87a1242-ddc6-43b1-a217-95e0b5d94891,Bruno,,09-19-2009,4712 Rock Creek Road,,Ardmore,OK,,crespicarla@example.net
3cbeb1ec-4d53-42ea-86d0-3d016360295d,Rosalina,,1995-10-25,2812 Jasper Street Southeast,,Washington,DC,USA,fernandezgonzalo@example.net
81c3f7ab-443b-4d49-a7ea-102c84edf499,Lázaro,Cases,1981-07-02,72 Bentley Avenue,,Poultney,VT,USA,lorena17@example.com
25e1b6cb-ed78-40f8-a200-e43785cce940,Herminia,,07-09-1981,7192 West Topeka Drive,,Glendale,AZ,US,guadalupe03@example.org
708cb091-af3b-4883-8580-9744da61bfcc,Odalys,,07-07-1978,513 Habberton Road,,Fayetteville,AR,,sandalioarribas@example.net
914f72e3-155b-4eeb-b3fb-309b3ca410da,Marco,Briones,06-21-1925,6518 Dolphin Court,,Glen Burnie,MD,,lermatomas@example.org
b9adc5cf-1e3a-4e48-923a-8a65f78a2172,Ibán,Bonet,09-02-1984,521 East 4th Street,,Panama City,FL,USA,dionisioblazquez@example.net
070517a2-ee87-4df0-9ff1-a1f9e1274712,Nicodemo,,1934-03-06,22524 Sambar Loop,,Anchorage,AK,,ptena@example.org
4c974b94-d930-448c-a599-c605e5eb1336,América,Torrents,1962-03-25,1500 South Division Street,,Guthrie,OK,,penaalbino@example.com
aed1a03b-663d-47a3-831e-398c05f34e17,Jose Ignacio,,07-20-1963,4807 North Grove Avenue,,Warr Acres,OK,USA,omarmerino@example.com
e96e1229-e5f8-4a61-851a-53aabfe6809f,Norberto,,04-20-1989,1414 East Anderson Street,#317,Savannah,GA,,severinocoronado@example.org
3dd458ad-94b4-4e22-ac15-bfe0f4e2ba53,Adelaida,,1956-02-11,33300 Mission Boulevard,#APT 174,Union City,CA,,vtena@example.com
c9d26668-2249-4897-9981-b75abf832d21,Elena,,2022-10-19,3446 Northwest 48th Street,,Oklahoma City,OK,US,montalbanruben@example.org
2b4c9714-8151-462d-8ca0-adfd15e94aa2,Aureliano,,1961-12-26,1330 West 82nd Avenue,,Anchorage,AK,,aacedo@example.org
f58f7cd0-41aa-479e-a7f9-d4c281df487c,Fito,Elorza,08-21-1970,8349 West Stella Way,,Glendale,AZ,USA,miguelrubio@example.com
8de955c6-ffe5-4cb9-a785-7a65c2bdea27,Nélida,Pulido,02-15-2016,4360 Hagan Road,,Montgomery,AL,US,lilianaribera@example.org
c25b98ec-6d08-4256-add1-e2a7176c730f,Lisandro,Soria,1928-12-18,5136 Gaines Street,,Oklahoma City,OK,,ajodar@example.org
b1b5769b-8c10-43e2-9376-4014e035044e,Norberto,,1980-03-13,1250 Pram Place,,Annapolis,MD,,remediosacero@example.com
979b5975-19d8-4cf5-92c8-fb7c6b861d00,Azeneth,Tomé,1986-10-21,126 Marjorie Lane,C,Manchester,CT,US,lmoran@example.org
00551be0-cec9-492b-8649-151444db1ac2,Jose,Landa,12-03-1949,10841 Sutter Circle,,Sutter Creek,CA,USA,gperez@example.net
e05c0e5c-bb49-432b-ad15-83b71d3a77f4,Jesús,,09-26-1936,25 Wendys Way,,Harwich,MA,US,valentinborrell@example.org
f7ff2597-d2d9-41ed-a2a4-27c364c3cc45,Encarna,Hidalgo,1950-06-21,7851 Snow View Drive,,Anchorage,AK,US,casemiro00@example.net
89baa9d9-f2dc-4820-a7c9-f401285e5718,Régulo,,1963-06-06,2708 Riverview Drive,,Riva,MD,,flaviatamayo@example.net
e1323266-1675-4fea-816c-0e35f6d0108d,Marcos,Serna,05-07-1975,5843 West McLellan Road,,Glendale,AZ,USA,maximilianollorens@example.com
63d5c03d-e3ba-4c05-a749-0abdebc2d3a3,Dalila,,03-09-1944,445 South Potomac Circle,,Aurora,CO,USA,onofre00@example.net
ba4260ca-3017-410d-b1a4-36f0edcf95d3,Eusebia,,1927-03-09,4712 Rock Creek Road,,Ardmore,OK,,micaelacrespo@example.net
5c0e02c1-a19f-4632-bd37-de8b0f9f22cc,Samu,Portillo,01-29-1993,812 Southwest 151st Street,,Oklahoma City,OK,USA,guitartmaricruz@example.com
5298593c-35ee-4246-81e9-1dc884797fc8,Fabricio,Macías,1926-07-10,8432 West 78th Circle,,Arvada,CO,US,chitasalva@example.org
14a44802-b468-4daf-b523-cf5ef2e40e34,Benigna,Blanca,05-24-2008,6436 Stoney Point Road,,Panama City,FL,US,cisnerosfrancisco@example.org
630ad647-816b-4d2d-b0ab-07f42e3569f1,María Luisa,,12-22-1979,908 Lodge Hill Road,,Louisville,KY,USA,rodolfo44@example.com
404d6679-9751-46bf-a74c-5885e1423237,Corona,Cuéllar,08-25-1913,1320 Dunbarton Road,,Montgomery,AL,USA,juan-pablosanchez@example.net
db8cb0ac-8c4f-411c-8bee-fb8a71ef26c0,Adoración,Abad,1912-09-29,80 North East Street,#4,Holyoke,MA,USA,nandoguillen@example.net
3d5aa632-f069-45d2-a9df-4e2335da8311,Nélida,Pinedo,1942-12-18,5788 Cane Ridge Road,,Nashville,TN,USA,tomascesar@example.net
2e27386b-f9eb-4499-879e-97c05acfcb48,Valentín,,1978-12-14,319 West Silverwood Drive,,Midwest City,OK,US,marinogarzon@example.org
cf54e896-ce5b-42b6-af13-6d94e78d8051,Angelita,,2007-02-10,330 Michell Court,,Livermore,CA,US,bermudezabilio@example.net
e7b62a06-b33a-4c34-ab8f-edc3f329baa5,Graciano,Zamora,1966-11-10,1428 Flatwood Court,,Crofton,MD,US,chaparroconcha@example.net
53987e99-23e5-4791-8ea4-6940238343e6,Tomasa,,1995-02-04,1800 East 63rd Street,,Savannah,GA,USA,beltranmaria-del-carmen@example.com
44f3c7b8-0b73-47f7-962f-6d4c746c4241,Juan José,,1975-12-05,4 Samuel Riggs Circle,,Gloucester,MA,US,naguilera@example.org
466d3844-db6e-405f-afce-a13ce0ed833f,Diego,Grande,1947-07-20,4216 Lorraine Street,,Panama City Beach,FL,,juan-manuel76@example.com
21ad1481-b57b-4253-845d-5bb7eed56a06,Agapito,,1916-12-13,15082 North 59th Avenue,#111,Glendale,AZ,USA,florindamarcos@example.com
69bf822d-76f9-4885-92f8-da750e91851f,Saturnino,,10-09-1971,606 Lincoln Street,,Savannah,GA,US,uangulo@example.org
89717048-adea-403e-b187-47bf762faef2,Máxima,Peláez,1950-05-24,2 Spencer Street,,Lexington,MA,USA,miguelaamores@example.com
ea24ad9e-322d-47a2-81ce-7baabeb0b22d,Marcela,,12-16-1923,5 Meadow Lane,,Rutland,VT,,zmontserrat@example.org
b31cd83d-5b3d-498b-9937-b0dd9930bcd4,Pepita,,02-24-2000,13525 West Stella Lane,,Litchfield Park,AZ,US,carmeloluque@example.org
0d68e0c8-33bd-4dea-a3f5-62b362321ad1,Brígida,Montero,08-20-2022,8442 Everett Way,A,Arvada,CO,,cecilio23@example.net
75b1922c-eff3-4578-a6bb-34e72b1ea2d6,Maribel,Cañellas,10-17-1960,1403 Robinson Road,,Nashville,TN,US,amado28@example.org
4dec30e5-0ea9-4f62-a919-73c44cbe4312,Jose Manuel,,10-05-2008,6206 Waters Avenue,#110,Savannah,GA,,isa16@example.com
15151687-90a7-4d72-90d1-73685a4a88c3,Flora,Guerra,06-15-1947,38 Milford Street,,Medway,MA,US,caridadriquelme@example.com
f40dfa34-db0f-4595-b201-704ecbcaf743,Toño,Clemente,1957-07-14,38 Milford Street,,Medway,MA,USA,hector09@example.net
413c42a0-7fd5-4996-911d-3125382d846c,María Manuela,,11-26-1973,5631 West Colter Street,#2129,Glendale,AZ,US,dbas@example.com
0440a08e-d91d-49aa-8557-a6aeb1bdf8c0,Gertrudis,,1968-03-20,595 West 15th Street,,Fayetteville,AR,USA,constanza10@example.net
eb7e5d8b-99ab-4d67-be78-fd05391b72a7,Adriana,,2018-07-11,2928 Avon Road,,Panama City,FL,USA,tbernat@example.com
14ae7e90-f900-4064-935b-94f0c350d76e,Vicenta,Marín,08-09-1985,334 North Cove Boulevard,,Panama City,FL,,riopelayo@example.org
f9e863ff-c3d5-4b33-bd67-1c4adcfe6281,Fortunato,Pinedo,05-29-1963,287 Lawndale Drive,,Nashville,TN,USA,juan-luis41@example.org
963c093a-a8e8-45e7-a3fa-4092f6e49b20,Selena,,07-04-2005,7085 Gladiola Street,,Arvada,CO,US,galvezjeronimo@example.org
ffbda7cf-7d4e-4e2e-ab87-cd1900237372,María,,07-02-1985,1207 Branch Lane,,Glen Burnie,MD,US,rosalvavalcarcel@example.com
8a4bb41e-9952-41ff-8204-21136a1ab05c,Eutimio,,1961-02-10,110 Castle Hill,,Manchester,CT,,dbelda@example.com
e2892017-259d-4ec7-b6bf-2c17401ef884,Carmela,Rivas,1917-01-15,1456 North Coghill Drive,#106,Fayetteville,AR,,solanoluis-miguel@example.com
0d50d7a5-4658-40c2-b361-473e40429c24,Augusto,,03-23-1994,3620 Bentfield Drive,,Nashville,TN,US,laloamat@example.com
4b7abc0d-0039-415b-9813-c54835ee8cbb,Eusebio,,2003-09-16,6518 Dolphin Court,,Glen Burnie,MD,US,narcisocuervo@example.net
b4c8a713-edd5-4638-88d0-3298252686e9,Isabel,Montesinos,1958-05-27,2201 Ontario Road Northwest,,Washington,DC,USA,garciawalter@example.com
21d66ca7-d31e-4c7d-9478-97d367117bb2,Cristina,Tur,08-01-1914,7180 West Paraiso Drive,,Glendale,AZ,USA,herbertorivero@example.com
6ca1b122-7dab-4b91-a0c1-9a6596c38d49,Antonia,Navas,1951-01-03,2534 Willena Avenue,,Montgomery,AL,,cuencaabraham@example.org
82484b7d-e229-4ffb-bd2d-b413f25ef54f,Augusto,,09-21-2010,1627 Connecticut Avenue Northwest,,Washington,DC,USA,amenendez@example.com
fa690aa5-3a39-4723-b81d-dfbe892d91bd,Vito,Robledo,2021-07-26,152 Bissell Street,,Manchester,CT,US,joan65@example.org
56b7b314-f37f-4ddf-a939-ccb02d82b11e,Cleto,Ayuso,05-03-1958,2505 Shadow Lane,,Nashville,TN,USA,espejocosme@example.net
f090e4bf-ad13-4125-8316-d09af9df3b19,Consuelo,,1945-06-05,1215 Joseph Avenue,,Nashville,TN,,aitana71@example.com
e21fa264-6eaa-4941-b97d-48cbb6bd74b3,Encarna,Naranjo,1975-07-26,305 Broderick Place,,Panama City Beach,FL,,andres-felipesalas@example.net
2e08eb10-6d33-4e7a-8af0-5220717c2caf,Marcelino,Flores,02-05-1926,642 Sagamore Drive,,Montgomery,AL,,iestrada@example.org
afa0bdc1-e6a7-4a5d-b1ca-be2570a0842a,Pilar,Zapata,09-11-2003,7326 North 62nd Avenue,#2,Glendale,AZ,US,julietaperez@example.net
f9b3ccac-797d-4add-8ad5-da0194447d05,Selena,Trujillo,09-01-2006,2262 Hall Place Northwest,,Washington,DC,US,arcelia36@example.org
72d3c0ba-6080-46c0-af9e-b07c1ec7bacf,María,,07-17-1937,78 School Street,,Woburn,MA,USA,jerezismael@example.net
e48ec3ce-5c7a-4582-82d1-040cfeb71478,Román,,07-17-1964,517 Glenpark Drive,,Nashville,TN,US,amorosandres@example.com
517c4fae-93e0-4954-a4fe-c8ebc4ecb491,Cristóbal,Codina,1944-10-02,115 Colemont Court,,Nashville,TN,USA,hozgertrudis@example.org
f55f9aa7-d472-4340-86c1-a94ca0f9ce15,Rosendo,Morell,1947-06-09,14 Olympia Street,,Norton,MA,,angelvicens@example.org
5872f0c6-cf88-4fae-b3c3-4246228da041,Albert,Padilla,04-08-1914,1430 South Gay Avenue,,Panama City,FL,USA,rafaela78@example.org
b3404b78-7fa0-4600-b0af-2d89b6b8b390,Tecla,,04-13-2009,335 C Street Southeast,,Washington,DC,,brigidacobo@example.org
92b60787-892f-4e36-af63-53d54ab90e6f,Noemí,,1988-06-05,4305 Willowview Boulevard,,Louisville,KY,USA,carlito57@example.org
02286bc0-07d7-473b-8a5e-68f49a79a4f9,Sara,Lara,05-24-1960,3777 Mowry Avenue,#APT 17,Fremont,CA,US,joancantero@example.net
05e9ae1d-0349-4444-bb10-49ff69012b8f,Humberto,,06-08-1929,5603 Dune Creek Trail,,Panama City,FL,USA,juradoanacleto@example.com
7e02fe50-d971-4af1-ac63-9f8b49f57c09,Benigna,,04-28-1990,540 East Appleby Road,#105,Fayetteville,AR,,palominoleire@example.net
1854f82b-6008-4d82-bb52-e58f5fd7624e,Pía,,1932-07-29,1113 West Trinity Lane,,Nashville,TN,US,yvicens@example.org
dfc88493-9ffd-4a71-93d3-b45fbe6a2b8a,Caridad,Moles,01-02-1932,2787 West Blackstone Crossing,,Fayetteville,AR,USA,juan-francisco06@example.com
c2ed387c-fc01-4c25-b750-70670e26abfe,Francisco Javier,Montserrat,2007-07-23,3301 Nora Lane,,Louisville,KY,USA,ezequielpardo@example.net
533bfd83-f5f5-4c16-9f62-965273e55d82,Teo,Solé,04-29-1949,521 McGregor Court,,Montgomery,AL,USA,uminguez@example.com
3281e7a0-16d6-4682-8064-ec78625dbde1,Santos,,1948-11-05,517 West 33rd Street,,Savannah,GA,US,casasnydia@example.org
df0a9f25-e330-4f5a-b80c-e4f3b613fee3,Mohamed,Baeza,1968-07-18,922 Urciolo Court,,Annapolis,MD,USA,carla05@example.org
7d06a85b-3678-4b0c-8dc0-8387e21d5f09,Balduino,,05-21-1958,5805 Armada Drive,,Carlsbad,CA,USA,remigio86@example.com
9dea0b42-7ae6-4b00-8962-3145f3fae237,Plácido,Tello,06-02-1923,151 Main Street,,Savannah,GA,US,sprada@example.net
2d5b3516-d188-4e9d-942c-176564a31628,Josué,Ruano,2021-06-20,1931 West Deane Street,A,Fayetteville,AR,,balfaro@example.com
598afafc-1c5a-44c7-a770-5e1f1b4f9492,Marta,León,10-04-1983,5420 Allison Street,#202,Arvada,CO,US,lucia87@example.com
544292ed-74ad-4ce1-8d6c-948a0e335fa2,Ignacia,Portero,1969-12-19,22649 McManus Drive,,Anchorage,AK,,osarmiento@example.org
11ab0ac5-47bd-4dd1-9fab-1d06c6f27053,Yésica,Esteban,07-02-1993,2817 3rd Street,,Thunderbolt,GA,US,nayara58@example.org
6cd79d69-e646-417b-acf7-6c8aa4f45360,Ale,,1950-05-16,1804 Calhoun Avenue,,Panama City,FL,USA,querocalixto@example.org
b0b63a98-3012-4f4c-9bbd-7a7f65264130,Sandalio,,2004-07-03,35805 Alcazar Court,,Fremont,CA,US,bagudo@example.com
f353af98-59df-4334-b1c9-a42bf818af35,Gabriel,,1949-07-29,6851 Howard Avenue,,Anchorage,AK,,paloma23@example.net
96df9a60-c581-406c-995f-1b1d3cc0d5ff,Nilda,,1980-01-03,8133 Meadowgreen Place,,Louisville,KY,USA,ciriaco59@example.net
8e8c916b-f8ba-4ae1-a18b-0f9690d0e09d,Hernando,Perea,04-08-1918,2349 East Tall Oaks Drive,,Fayetteville,AR,USA,emilianapriego@example.com
38a0c756-8bfc-4d70-813d-72ecba4b6865,Piedad,Sacristán,2004-10-16,75 Calfoster Drive,,Wolcott,VT,USA,vsaenz@example.com
59329aa8-5a4a-4b47-97a3-2cca1dfb3868,Paz,Robledo,1946-09-24,17615 Center Drive,,Fountain,FL,US,alexrincon@example.net
90acdd10-7598-4b80-a223-8db5a8f87e3e,Nazario,,12-24-1965,2036 Gorgas Street,,Montgomery,AL,US,angelinomoles@example.net
c5659641-fc3e-410a-aee5-7f3659f5f3ce,Eva,,1963-02-23,7822 Club Crest Drive,,Arvada,CO,,javiaranda@example.net
1127cf82-8ba8-4d83-92c3-db3db78f9f75,Severiano,Coronado,09-01-1986,110 Carraway Lane,,Annapolis,MD,USA,gregorio96@example.org
66846392-07ef-4e43-9f69-d75f9a5e81bd,Manuela,Bayón,11-27-1936,280 Blue Moon Crossing,#604,Pooler,GA,USA,yperez@example.net
1fe30168-cad4-47fd-8664-4fead94ef62d,Severiano,Cañete,10-07-1918,6755 Mulberry Drive,,Anchorage,AK,USA,wportillo@example.net
67085c3e-efda-402e-abaf-28f76ac38abc,Ignacia,Lago,05-20-2024,189 Dalton Avenue,,Pittsfield,MA,,consuelo08@example.org
547be196-dc08-4b1e-8009-9908f276f0e3,Yago,Ibañez,01-15-1920,1509 Hadley Avenue,,Nashville,TN,,fito99@example.org
d6575be4-8874-4039-8bbd-875ee9fe0b52,Asdrubal,Nevado,01-13-1984,1954 Hilltop Road,,Jessup,MD,US,fpozo@example.net
ab7bea76-44ac-4554-bc56-31e5fca57107,Hugo,,2010-10-22,2747 68th Avenue,,Oakland,CA,USA,prueda@example.org
d24d8a8f-35b7-4352-a207-e1f65fdc34d3,Evangelina,Ayllón,1978-11-05,201 East 16th Avenue,#APT 000420,Anchorage,AK,USA,nando91@example.org
55783b25-1635-4372-b37e-ccc5da1bd93e,Guadalupe,,08-05-1910,111 Lakeview Terrace,,Lynn Haven,FL,USA,nilo37@example.org
9d3b0d94-b3cd-4147-a502-dbc1247d8c81,Íngrid,Aguado,2011-02-07,10406 Sunlight Lane,,Louisville,KY,USA,tpinedo@example.com
4c32f5eb-0d9b-43a6-b79a-b5db2f6153fc,Magdalena,Fuentes,1977-10-10,3408 Taylorsville Road,#1,Louisville,KY,US,izaguirrehector@example.org
6d73243d-d366-46ba-9229-27709e955096,Luis Miguel,Arregui,03-31-2012,39 Cottage Street,,Athol,MA,US,asensiobrigida@example.net
44d185d8-f552-43d3-9bd4-5f388d6be1af,José María,,01-24-1948,6518 Dolphin Court,,Glen Burnie,MD,,paz11@example.com
f7fa1f90-a28f-4152-9d98-ed56c51c20e9,Fernanda,,1919-09-17,900 North Leverett Avenue,#126,Fayetteville,AR,USA,turester@example.net
9b9d773d-29c3-4dd3-a567-a0d7a36a3676,Inés,Vallejo,03-13-1953,225 Almond Street,#3E,Fall River,MA,,tovarjuan-francisco@example.net
35a3bd0a-5d81-465f-ab49-e60d2a60bbdf,Milagros,Calderon,05-27-1992,6101 North 60th Avenue,#201,Glendale,AZ,,josebauza@example.com
b5b9e602-c91d-46b0-8c0c-15e5a422d8d1,Tristán,,1953-09-06,10749 West Kaler Drive,,Glendale,AZ,USA,edelmiro28@example.net
a4accde8-7003-4e02-88b6-3d0eb315457a,Chuy,,1922-06-06,6932 West Montebello Avenue,,Glendale,AZ,USA,ceferino61@example.com
a354f98d-3752-4f82-8bcb-b44f7bcd5ee5,Custodia,,01-03-1936,204 Blue Hills Drive,,Nashville,TN,,arturozurita@example.org
f2468ce2-92f8-41df-b217-22db443f6a4a,Anacleto,Pera,1929-04-23,22219 Panama City Beach Parkway,,Panama City Beach,FL,USA,roldan76@example.org
ff735eb9-317e-4c46-bea1-8b81e350baf8,Remigio,Ayllón,1988-02-07,357 Chaplin Street Southeast,,Washington,DC,USA,adrian42@example.net
a47e357f-8d32-4003-abe3-6d7d974ab793,Coral,Moraleda,2013-10-09,152 Teddy Drive,,Union City,CA,,alonsoamador@example.org
bf61202e-6d1b-48a3-9a51-09a3b579d5c3,Jose Carlos,,2004-04-27,58 Rice Street Southwest,,Washington,DC,US,chucho24@example.org
3a0f7723-7a90-491a-af40-7273f3056847,Clarisa,Molina,03-15-1937,18330 North 79th Avenue,#3155,Glendale,AZ,US,nduran@example.net
4c655c0b-eb45-4db7-ac4d-74b4e68e1ef1,Serafina,,12-26-1913,703 Elizabeth Barcus Way,,Fortuna,CA,US,rafaelaaguilar@example.net
3b8a2c0a-94c3-4118-a7b2-a1b77dad0ef4,Clemente,Roldan,1951-09-21,22649 McManus Drive,,Anchorage,AK,,jmelero@example.org
acacbdaf-056b-4f8c-9cc2-b3e7e06dd8cd,Yésica,,10-27-1984,7802 Titan Court,,Pasadena,MD,US,agustinflorina@example.net
42ee2c78-f95e-4b66-be55-e5d105c045d5,Bernardo,Rey,09-26-1972,2313 Mansfield Avenue,,Del City,OK,USA,consuelozamorano@example.org
567007e2-7651-4dac-871a-ad45d012b5c2,Hernando,Perales,2013-02-21,4726 West Palmaire Avenue,,Glendale,AZ,USA,fermin21@example.org
a844985a-a996-42fe-b555-6b2c2fa25aa2,Angelita,,2011-10-10,1622 Orchard Avenue,,Louisville,KY,,gboada@example.com
2ccdc74e-ce2a-4910-9678-71d992c3f228,Mónica,Lobato,1939-01-24,739 Center Street,,Manchester,CT,,bonifaciomas@example.org
fcb22d6a-20e1-4fc2-b164-83537b1eb720,Geraldo,Alberto,1931-08-22,5412 East 22nd Avenue,,Anchorage,AK,US,jrodenas@example.org
df8f7c7c-72f9-4a6b-b133-8d19e65ca7bf,Manu,,02-02-1963,7401 West Arrowhead Clubhouse Drive,#2031,Glendale,AZ,,znebot@example.com
9d63c0df-1402-47aa-9ac1-c58d48710c0b,Dominga,,1934-09-01,2723 East Joyce Boulevard,,Fayetteville,AR,US,montesblas@example.net
d146386c-4b28-463f-8fd0-36e6f9b95366,Plácido,,1917-10-20,125 13th Street Northeast,,Washington,DC,,virginia83@example.com
9bea5a7b-0f89-4484-9818-f78b1bd55f41,Ainoa,Tormo,1928-04-11,10277 West 52nd Place,#211,Wheat Ridge,CO,,comasgodofredo@example.com
9cdc3834-b773-4389-b2d8-93c1dfc24067,Esther,,1981-09-19,2643 North Sierra Avenue,,Fayetteville,AR,US,royoflora@example.org
eba717cf-d264-4bf8-96df-74beba04b120,Lázaro,,09-26-1982,3466 Southview Avenue,,Montgomery,AL,USA,lilia84@example.com
4c01b2a2-8753-493e-b11e-79eccf0d72a3,Jordán,Diego,03-28-2018,11256 Palos Verdes Court,,Cupertino,CA,,bastidaelodia@example.net
50e5f544-d749-4891-b181-2855d9de27c8,Clímaco,Ballester,06-18-2004,228 Wood Street,#2,New Bedford,MA,USA,celestino94@example.com
ddaf1dd9-4c1f-4366-b45a-cd3fe31a4caa,Leocadio,,04-20-2022,208 Solitude Circle,,Goodlettsville,TN,USA,lilia46@example.net
147bd4d0-c83b-4335-a8de-53a1bf3f7e7a,Fito,Acosta,1995-02-01,7 Rose Dhu Lane,,Savannah,GA,USA,vicentagarcia@example.net
84b4380b-1dfc-43a8-8914-5866a004016c,Eliseo,,1961-04-15,43949 South Moray Street,,Fremont,CA,,zaidabriones@example.com
02155bc1-f942-469c-b1ea-b25ebaa76196,Maribel,Durán,03-18-1970,1420 12th Street Northwest,,Washington,DC,US,perezamalia@example.net
0c9d6ff8-7310-4905-96a8-47b7e1c042f0,Victoria,Macias,09-26-1910,3114 West 20th Court,,Panama City,FL,,candelasharo@example.com
ac200b22-c70f-45a7-b798-430326d2f299,Isaura,Gutiérrez,12-04-1976,7607 Beulah Church Road,,Louisville,KY,USA,cardenasraquel@example.net
888c5576-20a5-4362-b2a8-4116a7be67b1,Rafaela,Valdés,2013-06-23,5112 Southwest 124th Place,,Oklahoma City,OK,US,chitapellicer@example.com
7c9103d3-45a8-439a-88ba-70a039c2865d,Luciano,,09-09-1926,43949 South Moray Street,,Fremont,CA,USA,florencio11@example.com
ed94f0ea-9311-44ff-8753-6389dc764176,Clotilde,,06-17-1958,2327 Pomeroy Road Southeast,,Washington,DC,,kabella@example.org
f322eaad-4b14-4121-92d1-c32e579e41aa,Atilio,,1952-05-13,4876 Norris Road,,Fremont,CA,,jguerrero@example.net
48419800-c1b3-45c5-9fdf-b68b2a41954a,Amancio,,1956-04-12,2441 Chase Park Drive,,Montgomery,AL,US,carrenogoyo@example.org
eb60a6fd-2976-4701-b1b2-bcdd60222cc3,Nicodemo,Garcés,07-06-1964,1361 Barret Park Way,,Montgomery,AL,US,jordanzaira@example.org
3783f3a5-1b01-4d92-9725-0172817cee62,Jennifer,Alvarado,10-07-1979,6244 Sun River Drive,,Sacramento,CA,USA,lolaescalona@example.org
138fa7a2-9d9d-489e-8e87-140150fa4e46,Jose Francisco,Chaves,2017-06-24,3784 Milky Way Drive,,Anchorage,AK,,matildeblazquez@example.net
b3b9b8a0-f494-45c1-b069-3e74da2b0643,Juanita,,01-25-1935,4012 Heritage Place Drive,,Norman,OK,US,ulises91@example.com
698dc69e-6a41-48c9-9244-ab2b66527e30,Iris,,1944-02-10,1460 Berger Street,,Odenton,MD,US,tcalvo@example.net
1666772d-336c-47c4-bdcc-aa271dd71532,Gervasio,Zamora,07-03-1932,4960 Maple Grove Drive,,Fayetteville,AR,USA,dalila20@example.net
cca2cfc2-fdd2-41d3-8f49-bbb2c549762c,Julia,Bárcena,1960-09-14,7998 Chase Circle,#1,Arvada,CO,USA,qcalleja@example.net
19928196-aed2-4f06-bf6f-1eddbc50b383,Samu,Río,04-14-1915,109 East 64th Street,,Savannah,GA,USA,manuangulo@example.net
e8d47872-7cec-408c-809a-3cf15eeba57e,Aristides,,1970-05-27,6622 West Mescal Street,,Glendale,AZ,US,epavon@example.net
f8cffcca-59f7-4058-aaf4-f7b44f3e1f55,Fabián,Albero,09-18-1944,429 Dennison Ridge Drive,,Manchester,CT,,angelino27@example.net
b01bb9d5-43f3-4542-ae32-ab1c91ca65d2,Florina,,12-15-1929,10 Bramblebush Drive,,Barnstable,MA,,isabelavidal@example.com
3b392797-5014-41f0-9df1-c52a14aed161,Nydia,Cuesta,2021-09-16,645 Malaga Place,,Panama City Beach,FL,,bibiana69@example.org
df31d01a-8507-41fa-81a0-f6e7675ab137,Alex,,07-06-1995,620 Oakland Avenue,,Fayetteville,AR,USA,aureliosaez@example.net
1983f67f-3826-4674-88a6-2cc4ebb82d03,Ciro,Bosch,1931-08-25,6007 Applegate Lane,,Louisville,KY,US,royocalixta@example.com
23c744cf-9c5e-4c74-ba79-381a66ef67e6,Inocencio,,04-10-2004,519 Roxboro Place Northwest,,Washington,DC,US,nereidapalomares@example.org
4f507793-614a-4cc8-bfdd-24c81d383b7a,Valerio,,04-07-1966,58 North Cove Road,,Burlington,VT,US,ilarranaga@example.net
c7baebfa-a6d6-422b-b240-cbc3253d5929,Inocencio,,1970-05-24,3098 Vermont 122,,Sheffield,VT,,domitilabueno@example.com
751a3d3d-d97a-4ca0-b653-b20aeafa0844,Nacio,,1993-04-06,740 East 34th Street,,Savannah,GA,,americagutierrez@example.net
2d589155-0d63-4c8a-b364-db705ae250b8,Joan,,1990-12-13,4709 North Willow Avenue,,Bethany,OK,USA,toni78@example.org
71e15e8f-4096-479d-a2c0-27566d8fa7ba,Sancho,Valero,12-03-2006,4537 Tanglewood Trail,,Boulder,CO,,cloe54@example.com
c0ae0ba8-0b64-4255-bf04-004802d408f8,Jonatan,,02-10-1974,14213 Doc Hawley Street,,Louisville,KY,US,clasa@example.com
57e8482b-9467-4e1c-9e79-3dfa7d779af5,Joel,,10-18-2017,1304 Northern Hills Road,,Norman,OK,,alegreadelia@example.net
8d5deb76-49e2-43ae-bdde-13054e418059,Ainoa,Pintor,2003-07-19,7952 South Algonquian Way,,Aurora,CO,US,mauriciosolana@example.org
2c28ab04-07e5-4555-87e8-4a62e48aece1,Gastón,,1990-05-07,314 Lallemand Court,,Nashville,TN,USA,velezainara@example.com
1ca7619e-90b9-4ff1-bd08-ef0e9ab16d72,Ariel,,2018-09-10,716 Waller Road,,Brentwood,TN,USA,emigdionovoa@example.net
de14cffb-ea8d-4a6c-81f9-190fa27acb46,Trinidad,Priego,1965-02-24,521 McGregor Court,,Montgomery,AL,USA,milagros22@example.com
926137f5-594a-4a44-9f39-305df28412d1,Fabiana,Fuster,12-31-1971,595 West 54th Street,#4,Savannah,GA,,donosoconcha@example.com
ddd29167-5a29-4bec-8f27-835379b3e15d,Jose Carlos,,1979-10-14,33 Pond Avenue,#804,Brookline,MA,USA,felicia42@example.net
e0897cbd-2d07-439e-9868-e5ae40b8adc7,Olga,,1956-08-13,1806 Boscobel Street,,Nashville,TN,,jtapia@example.org
2e5040ac-8d50-4638-a5b1-702d2949139b,Rosalía,,1934-06-03,2222 Martin Luther King Junior Boulevard,,Fayetteville,AR,USA,silvestresola@example.com
ceeec81a-ca24-48e2-9e77-3e8f80226263,Ernesto,Fortuny,1941-03-08,2236 Susitna Drive,,Anchorage,AK,USA,vfigueras@example.org
4ce654d1-2e92-400a-9228-aa9d8583cdb1,Rosalina,Anglada,1961-03-18,4001 Anderson Road,#147,Nashville,TN,,crescenciamontoya@example.com
3e85c2ef-e7e1-4a93-a74a-2d6f9cc04729,Celestino,,1986-05-07,103 Edgewater Road,A,Severna Park,MD,USA,marcelo04@example.org
6e8a959a-3940-4991-b2dd-ed115e9b8595,Gabriela,Barberá,1966-03-21,8800 Northwest 92nd Street,,Oklahoma City,OK,USA,dimas88@example.net
9be22db9-fc72-44bd-b591-f821fbfe608a,Rosalinda,,1947-04-24,152 Holly Court,,Mountain View,CA,,herranzeva-maria@example.org
8e1ae1c9-58ee-4edf-88b1-557d7bd9b361,Mariano,Alcaraz,2023-03-27,3729 East Mission Boulevard,,Fayetteville,AR,US,campoyliliana@example.org
